                  epoch,         train/box_loss,         train/cls_loss,         train/dfl_loss,   metrics/precision(B),      metrics/recall(B),       metrics/mAP50(B),    metrics/mAP50-95(B),           val/box_loss,           val/cls_loss,           val/dfl_loss,                 lr/pg0,                 lr/pg1,                 lr/pg2
                      1,                 3.6257,                 10.584,                 3.4277,                0.06834,                0.23875,                0.05203,                0.01697,                 3.4676,                     21,                 3.6891,               0.067183,             0.00033148,             0.00033148
                      2,                 3.1721,                 8.3511,                  3.057,                 0.8461,                0.11986,                0.16516,                 0.0567,                 3.1876,                 15.514,                 3.3063,                0.03418,             0.00066152,             0.00066152
                      3,                 2.7792,                 7.8604,                 2.8284,                0.33108,                0.22242,                0.11046,                0.03445,                 3.0995,                 11.758,                 3.1312,              0.0011735,             0.00098827,             0.00098827
                      4,                 2.5754,                  7.351,                 2.6545,                0.45102,                0.24439,                0.27437,                0.11356,                 2.6448,                 7.9503,                 2.9647,             0.00098515,             0.00098515,             0.00098515
                      5,                 2.4358,                 6.8865,                 2.5511,                0.48385,                0.27827,                0.31199,                0.12426,                 2.5522,                 7.6272,                 2.7294,             0.00098515,             0.00098515,             0.00098515
                      6,                 2.3065,                 6.5441,                 2.4534,                0.69021,                0.21995,                0.26027,                0.10678,                 2.4209,                 8.8853,                  2.564,              0.0009802,              0.0009802,              0.0009802
                      7,                 2.1973,                 6.2571,                 2.3564,                0.75299,                0.29336,                0.37729,                 0.1628,                 2.2881,                 6.8574,                 2.4971,             0.00097525,             0.00097525,             0.00097525
                      8,                  2.136,                 6.0617,                 2.2862,                0.43324,                0.28259,                  0.273,                0.10008,                 2.4701,                 7.4099,                 2.5963,              0.0009703,              0.0009703,              0.0009703
                      9,                 2.0958,                 5.9017,                 2.2656,                0.67663,                 0.3947,                0.39341,                0.16791,                 2.2083,                 8.2065,                 2.3816,             0.00096535,             0.00096535,             0.00096535
                     10,                 2.0308,                 5.7496,                 2.2171,                0.58821,                0.25094,                0.36291,                 0.1462,                 2.3459,                 6.5456,                 2.4159,              0.0009604,              0.0009604,              0.0009604
                     11,                 1.9936,                 5.6554,                 2.1791,                 0.7343,                0.36606,                0.39689,                0.17991,                 2.1764,                 7.3996,                 2.3853,             0.00095545,             0.00095545,             0.00095545
                     12,                 1.9393,                 5.5673,                  2.141,                0.60416,                0.40205,                0.30755,                0.14248,                 2.1864,                 9.2883,                 2.4213,              0.0009505,              0.0009505,              0.0009505
                     13,                  1.939,                 5.4928,                 2.1278,                0.66554,                0.47594,                0.49461,                 0.2246,                 2.0165,                 7.5432,                 2.3284,             0.00094555,             0.00094555,             0.00094555
                     14,                 1.8938,                 5.3876,                 2.1023,                0.60484,                 0.5285,                0.49174,                0.22593,                  1.994,                 7.5423,                 2.2917,              0.0009406,              0.0009406,              0.0009406
                     15,                 1.8794,                  5.421,                 2.0863,                0.74668,                0.37995,                0.44889,                0.19524,                 2.0422,                 6.2493,                 2.3031,             0.00093565,             0.00093565,             0.00093565
                     16,                 1.8135,                 5.0494,                 2.0256,                0.76826,                 0.3849,                0.44676,                0.21221,                 1.9663,                  7.223,                 2.2349,              0.0009307,              0.0009307,              0.0009307
                     17,                 1.8221,                 5.1803,                 2.0421,                0.72018,                0.48567,                0.52849,                0.23405,                 2.0207,                  6.324,                 2.2919,             0.00092575,             0.00092575,             0.00092575
                     18,                 1.8258,                 5.1285,                 2.0199,                0.69576,                0.51542,                0.50612,                0.22893,                  2.023,                 6.8951,                 2.2644,              0.0009208,              0.0009208,              0.0009208
                     19,                 1.8099,                 5.0352,                 2.0234,                0.77583,                0.43207,                0.52534,                0.24806,                 1.9506,                 5.8852,                 2.2765,             0.00091585,             0.00091585,             0.00091585
                     20,                 1.7557,                 4.9586,                 1.9878,                0.74774,                0.46029,                0.56148,                0.26507,                 1.9269,                  6.175,                 2.2206,              0.0009109,              0.0009109,              0.0009109
                     21,                 1.7639,                 5.0452,                 1.9945,                0.64951,                  0.534,                0.54982,                0.24809,                 1.9676,                  5.916,                 2.2193,             0.00090595,             0.00090595,             0.00090595
                     22,                 1.7533,                 4.9339,                 1.9698,                0.66884,                0.43531,                0.53591,                 0.2557,                 1.9446,                 5.4695,                 2.2247,               0.000901,               0.000901,               0.000901
                     23,                 1.7178,                 4.8677,                 1.9488,                0.78124,                0.43124,                0.51874,                0.24942,                 1.9964,                 6.1117,                 2.2578,             0.00089605,             0.00089605,             0.00089605
                     24,                 1.7042,                 4.6894,                 1.9453,                0.75835,                0.40601,                0.51797,                0.24791,                 1.9547,                 5.8745,                 2.3102,              0.0008911,              0.0008911,              0.0008911
                     25,                 1.6972,                 4.7444,                 1.9425,                0.80356,                0.43143,                 0.5162,                0.24351,                 1.9603,                 6.3817,                 2.2832,             0.00088615,             0.00088615,             0.00088615
                     26,                  1.675,                 4.7201,                 1.9129,                0.83044,                0.44284,                0.53934,                0.24913,                 1.9485,                 6.4164,                 2.2207,              0.0008812,              0.0008812,              0.0008812
                     27,                 1.7057,                 4.6342,                 1.9083,                0.69094,                0.42572,                0.50359,                0.23647,                 1.9786,                 5.8074,                 2.2304,             0.00087625,             0.00087625,             0.00087625
                     28,                 1.6787,                 4.6865,                   1.91,                 0.8306,                0.43689,                0.52726,                0.26138,                 1.9901,                  6.665,                 2.2774,              0.0008713,              0.0008713,              0.0008713
                     29,                   1.66,                 4.5507,                 1.8921,                0.68185,                0.47408,                0.52627,                0.25664,                 2.0251,                  6.845,                 2.3109,             0.00086635,             0.00086635,             0.00086635
                     30,                 1.6881,                 4.5465,                 1.9173,                0.74546,                0.46736,                0.57693,                0.27903,                 1.8682,                 5.9774,                 2.1918,              0.0008614,              0.0008614,              0.0008614
                     31,                 1.6528,                  4.543,                 1.8942,                0.66277,                0.45206,                 0.5413,                0.26701,                 1.8801,                 6.1024,                 2.1772,             0.00085645,             0.00085645,             0.00085645
                     32,                 1.6144,                 4.4227,                 1.8684,                0.72925,                0.46703,                0.56218,                0.27148,                 1.9471,                 5.7658,                 2.2261,              0.0008515,              0.0008515,              0.0008515
                     33,                 1.6075,                 4.4719,                 1.8543,                0.82781,                0.44884,                 0.5707,                0.28964,                 1.8348,                 5.3735,                 2.1406,             0.00084655,             0.00084655,             0.00084655
                     34,                 1.6091,                 4.4149,                 1.8695,                0.71633,                0.44719,                0.56087,                0.27113,                 1.9229,                 5.7618,                 2.2105,              0.0008416,              0.0008416,              0.0008416
                     35,                 1.6122,                 4.3608,                 1.8608,                0.76969,                 0.4743,                0.61923,                0.31065,                 1.7912,                  5.372,                 2.0962,             0.00083665,             0.00083665,             0.00083665
                     36,                 1.5946,                 4.3312,                 1.8331,                0.83403,                0.48217,                0.61642,                0.29955,                 1.8391,                 5.5203,                  2.109,              0.0008317,              0.0008317,              0.0008317
                     37,                 1.6158,                 4.4253,                 1.8468,                0.70572,                 0.4165,                0.48195,                0.23114,                 1.9061,                 6.6463,                 2.1943,             0.00082675,             0.00082675,             0.00082675
                     38,                 1.5847,                 4.1959,                 1.8157,                0.79083,                0.47107,                0.58745,                0.28634,                 1.8489,                 5.4022,                 2.1501,              0.0008218,              0.0008218,              0.0008218
                     39,                 1.6085,                 4.3072,                 1.8305,                0.74551,                0.42924,                0.54501,                0.26703,                 1.9455,                 5.6942,                 2.2415,             0.00081685,             0.00081685,             0.00081685
                     40,                 1.5588,                 4.1719,                 1.8116,                0.76035,                0.48834,                0.58463,                 0.2982,                 1.8209,                  5.702,                 2.0966,              0.0008119,              0.0008119,              0.0008119
                     41,                 1.5559,                 4.1093,                 1.8078,                0.73334,                0.50896,                0.57525,                0.28723,                  1.907,                 6.2123,                 2.1813,             0.00080695,             0.00080695,             0.00080695
                     42,                 1.5644,                 4.2322,                 1.8212,                0.76131,                0.47389,                 0.5711,                0.28861,                 1.8689,                 5.7475,                 2.1536,               0.000802,               0.000802,               0.000802
                     43,                  1.545,                 4.2023,                 1.7947,                0.70992,                0.51868,                0.57411,                0.28862,                 1.8396,                 5.8798,                 2.1351,             0.00079705,             0.00079705,             0.00079705
                     44,                 1.5222,                 4.0303,                 1.7736,                0.83333,                0.47412,                 0.5778,                0.29358,                 1.8041,                 5.5657,                 2.1308,              0.0007921,              0.0007921,              0.0007921
                     45,                 1.5434,                 4.1339,                 1.7954,                0.82522,                0.48897,                  0.577,                0.28467,                  1.851,                 5.7303,                 2.1102,             0.00078715,             0.00078715,             0.00078715
                     46,                 1.5369,                 4.1493,                 1.7895,                0.66205,                0.50985,                0.55929,                0.25337,                 1.9449,                 5.7358,                 2.2005,              0.0007822,              0.0007822,              0.0007822
                     47,                 1.5455,                 4.0389,                 1.8009,                0.83652,                  0.481,                 0.5874,                0.29109,                 1.8336,                 5.7643,                 2.1397,             0.00077725,             0.00077725,             0.00077725
                     48,                 1.5335,                 3.9768,                 1.7857,                0.73478,                0.48597,                0.59373,                0.29774,                 1.8837,                 5.1561,                 2.1582,              0.0007723,              0.0007723,              0.0007723
                     49,                 1.5488,                 4.0971,                 1.7869,                0.68467,                0.47813,                0.59074,                0.29462,                 1.8252,                 5.2698,                 2.1212,             0.00076735,             0.00076735,             0.00076735
                     50,                 1.5114,                 4.0493,                 1.7631,                0.87518,                0.46887,                0.56332,                 0.2837,                 1.8485,                 5.9049,                 2.1514,              0.0007624,              0.0007624,              0.0007624
                     51,                 1.5189,                 4.0445,                 1.7744,                0.85441,                  0.483,                 0.5864,                0.27576,                 1.8553,                 5.9814,                 2.1644,             0.00075745,             0.00075745,             0.00075745
                     52,                 1.5143,                 3.8741,                 1.7541,                0.81793,                0.47799,                0.59836,                0.29257,                 1.8288,                 5.3933,                 2.1539,              0.0007525,              0.0007525,              0.0007525
                     53,                 1.5253,                  3.957,                 1.7835,                 0.6848,                0.55013,                0.60068,                0.29318,                 1.8417,                 5.0796,                 2.1197,             0.00074755,             0.00074755,             0.00074755
                     54,                 1.5323,                 3.9012,                 1.7667,                0.69333,                0.58153,                0.62695,                0.30938,                 1.7983,                  5.441,                 2.0982,              0.0007426,              0.0007426,              0.0007426
                     55,                 1.4943,                 3.9532,                  1.762,                0.70664,                0.53944,                 0.5854,                0.28752,                 1.8181,                  5.434,                 2.0806,             0.00073765,             0.00073765,             0.00073765
                     56,                 1.4706,                 3.7943,                 1.7389,                0.74664,                0.54737,                0.61835,                0.31511,                 1.8448,                 5.0746,                 2.1057,              0.0007327,              0.0007327,              0.0007327
                     57,                 1.5045,                 3.8331,                 1.7428,                0.72299,                 0.5097,                0.58246,                0.28598,                 1.8683,                  6.056,                  2.133,             0.00072775,             0.00072775,             0.00072775
                     58,                 1.4781,                 3.7711,                 1.7501,                 0.7408,                0.46691,                 0.5941,                0.30787,                 1.7088,                 5.5851,                 2.0177,              0.0007228,              0.0007228,              0.0007228
                     59,                 1.4872,                 3.8372,                 1.7488,                0.52057,                0.59782,                0.61023,                0.29711,                  1.779,                 4.8854,                 2.1034,             0.00071785,             0.00071785,             0.00071785
                     60,                  1.475,                 3.7666,                 1.7358,                0.87241,                0.46573,                0.57188,                0.27847,                 1.8393,                  6.425,                 2.1399,              0.0007129,              0.0007129,              0.0007129
                     61,                 1.4839,                 3.7426,                 1.7333,                0.73402,                0.57228,                0.64223,                0.32543,                 1.7798,                 4.9565,                 2.0824,             0.00070795,             0.00070795,             0.00070795
                     62,                 1.4605,                 3.6887,                 1.7266,                0.73169,                0.52856,                0.61662,                  0.314,                 1.8014,                 5.2905,                 2.0975,               0.000703,               0.000703,               0.000703
                     63,                 1.4689,                 3.7092,                 1.7109,                0.79789,                0.48028,                0.63158,                0.30609,                 1.8235,                 5.4581,                 2.1334,             0.00069805,             0.00069805,             0.00069805
                     64,                  1.474,                 3.7743,                 1.7486,                0.76946,                 0.4945,                0.59731,                  0.288,                  1.878,                 5.6651,                 2.1639,              0.0006931,              0.0006931,              0.0006931
                     65,                 1.4344,                 3.6482,                 1.7137,                0.68443,                0.49793,                0.61995,                0.30871,                 1.8235,                 5.2764,                 2.1147,             0.00068815,             0.00068815,             0.00068815
                     66,                  1.439,                  3.639,                 1.7031,                0.85275,                0.50962,                0.63743,                0.32049,                 1.7856,                 5.0683,                 2.1015,              0.0006832,              0.0006832,              0.0006832
                     67,                 1.4522,                 3.6572,                  1.721,                0.86382,                0.49249,                0.59693,                0.31193,                 1.7889,                 5.7319,                 2.1227,             0.00067825,             0.00067825,             0.00067825
                     68,                 1.4573,                 3.6921,                 1.7147,                0.79452,                0.49455,                0.59881,                  0.303,                 1.8275,                 5.8807,                  2.117,              0.0006733,              0.0006733,              0.0006733
                     69,                 1.4635,                 3.6152,                 1.7176,                0.69299,                0.47095,                0.58936,                 0.2905,                 1.8162,                 6.0606,                 2.1337,             0.00066835,             0.00066835,             0.00066835
                     70,                 1.4563,                 3.6239,                 1.7244,                0.77252,                0.54169,                0.63717,                0.32365,                 1.7327,                 4.6809,                 2.0519,              0.0006634,              0.0006634,              0.0006634
                     71,                  1.424,                 3.6014,                 1.6904,                0.76493,                0.50106,                0.60023,                0.30852,                 1.7627,                 5.3075,                 2.0699,             0.00065845,             0.00065845,             0.00065845
                     72,                   1.44,                 3.5795,                  1.698,                0.78606,                 0.5104,                0.58605,                0.30057,                 1.8602,                 5.7591,                  2.129,              0.0006535,              0.0006535,              0.0006535
                     73,                 1.4288,                 3.4994,                 1.6806,                0.74144,                0.49325,                0.61935,                0.31348,                 1.7538,                 5.2366,                 2.0768,             0.00064855,             0.00064855,             0.00064855
                     74,                 1.4308,                 3.5164,                 1.6919,                0.88565,                0.49882,                0.60485,                0.29737,                 1.8599,                 5.2876,                 2.1599,              0.0006436,              0.0006436,              0.0006436
                     75,                 1.4196,                 3.4815,                 1.6769,                0.70471,                0.49008,                0.60213,                 0.3165,                 1.8075,                 5.4917,                 2.1044,             0.00063865,             0.00063865,             0.00063865
                     76,                 1.4051,                  3.422,                 1.6618,                0.76063,                0.52919,                0.62684,                0.32497,                 1.7905,                  5.315,                 2.0821,              0.0006337,              0.0006337,              0.0006337
                     77,                 1.4094,                 3.4233,                 1.6722,                0.62565,                0.54878,                0.61609,                0.31205,                 1.8222,                 5.1294,                  2.146,             0.00062875,             0.00062875,             0.00062875
                     78,                  1.411,                 3.4475,                 1.6795,                0.75416,                0.49885,                0.60834,                0.29563,                 1.8589,                 5.6337,                 2.1555,              0.0006238,              0.0006238,              0.0006238
                     79,                 1.3871,                 3.4375,                 1.6732,                 0.7012,                0.51299,                0.58953,                0.29602,                 1.8083,                 5.6417,                 2.1079,             0.00061885,             0.00061885,             0.00061885
                     80,                 1.3885,                 3.3878,                 1.6643,                0.75782,                0.50114,                0.58595,                0.28914,                 1.8362,                 5.8206,                 2.1318,              0.0006139,              0.0006139,              0.0006139
                     81,                 1.4017,                 3.3094,                 1.6532,                0.73592,                0.48063,                0.59219,                0.28275,                 1.8742,                 5.3856,                 2.1372,             0.00060895,             0.00060895,             0.00060895
                     82,                 1.4086,                 3.4401,                 1.6631,                 0.8669,                0.47594,                 0.5887,                0.28396,                 1.8524,                 5.8329,                 2.1503,               0.000604,               0.000604,               0.000604
                     83,                 1.4179,                 3.3318,                 1.6662,                0.63894,                 0.5241,                0.59221,                0.28965,                  1.888,                 5.2625,                 2.1635,             0.00059905,             0.00059905,             0.00059905
                     84,                 1.3953,                 3.3604,                 1.6716,                0.63731,                 0.5626,                0.61043,                0.30654,                 1.7989,                 5.4097,                 2.1226,              0.0005941,              0.0005941,              0.0005941
                     85,                 1.3965,                 3.2761,                 1.6528,                0.68777,                0.52863,                0.60192,                0.31008,                 1.8043,                 5.3863,                 2.1145,             0.00058915,             0.00058915,             0.00058915
                     86,                 1.3837,                 3.3078,                 1.6484,                0.80402,                0.54712,                0.63478,                0.30789,                 1.8376,                 5.0964,                 2.1243,              0.0005842,              0.0005842,              0.0005842
