epoch,time,train/box_loss,train/cls_loss,train/dfl_loss,metrics/precision(B),metrics/recall(B),metrics/mAP50(B),metrics/mAP50-95(B),val/box_loss,val/cls_loss,val/dfl_loss,lr/pg0,lr/pg1,lr/pg2
1,11.437,3.81695,12.3888,3.94645,0.00033,0.13886,0.00057,0.00012,3.72621,12.5566,3.61403,0.00022,0.00022,0.07822
2,16.389,3.47395,8.2414,3.27974,0.16716,0.04902,0.00285,0.00078,3.75238,inf,4.10314,0.000447772,0.000447772,0.0554478
3,21.944,3.01518,7.16518,2.9817,0.36057,0.1303,0.00874,0.00151,3.65991,inf,4.3017,0.000673268,0.000673268,0.0326733
4,27.3132,2.57792,6.50963,2.70831,0.06509,0.23892,0.03631,0.01054,3.03025,inf,3.60557,0.000896486,0.000896486,0.00989649
5,32.6349,2.33964,5.95031,2.50822,0.55838,0.05561,0.04717,0.01198,3.14029,31.3503,3.19555,0.0009802,0.0009802,0.0009802
6,38.0075,2.17006,5.62956,2.37519,0.19133,0.39179,0.26532,0.09046,2.60908,24.1909,3.76262,0.00097525,0.00097525,0.00097525
7,43.4268,2.02723,5.31997,2.26517,0.3395,0.27571,0.18417,0.06676,2.48129,13.8671,2.83184,0.0009703,0.0009703,0.0009703
8,48.5559,1.96892,5.22459,2.18663,0.31415,0.39224,0.29051,0.10314,2.3913,10.5754,2.66894,0.00096535,0.00096535,0.00096535
9,53.9505,1.89906,5.0333,2.13247,0.6175,0.30341,0.35746,0.13207,2.29431,8.57987,2.51315,0.0009604,0.0009604,0.0009604
10,59.3296,1.86128,4.86927,2.08321,0.44987,0.33594,0.30674,0.14068,2.41712,8.70068,2.66623,0.00095545,0.00095545,0.00095545
11,64.6756,1.78729,4.75022,2.02595,0.38274,0.21502,0.19617,0.07191,2.44234,8.68285,2.71407,0.0009505,0.0009505,0.0009505
12,69.7499,1.7807,4.63451,2.00162,0.47355,0.50236,0.51122,0.21554,2.06693,5.93843,2.28412,0.00094555,0.00094555,0.00094555
13,75.0681,1.70873,4.49036,1.94839,0.61389,0.42468,0.47557,0.21763,2.02736,6.54188,2.31286,0.0009406,0.0009406,0.0009406
14,80.3915,1.68835,4.39319,1.92727,0.43117,0.49038,0.45455,0.19304,2.11782,6.97693,2.36363,0.00093565,0.00093565,0.00093565
15,85.4664,1.67414,4.41623,1.91847,0.5933,0.46899,0.48807,0.19859,2.02543,5.99102,2.29515,0.0009307,0.0009307,0.0009307
16,90.5138,1.68215,4.28294,1.90934,0.43097,0.43961,0.46397,0.21001,2.06499,6.66888,2.33892,0.00092575,0.00092575,0.00092575
17,95.6201,1.64323,4.1731,1.88106,0.53962,0.63177,0.63567,0.29575,1.90473,5.05235,2.18107,0.0009208,0.0009208,0.0009208
18,100.942,1.58779,4.09659,1.84267,0.46754,0.44656,0.44495,0.18394,2.15699,6.43565,2.36062,0.00091585,0.00091585,0.00091585
19,106.084,1.59926,4.13079,1.84532,0.60957,0.49724,0.56315,0.26238,1.87124,5.06706,2.14194,0.0009109,0.0009109,0.0009109
20,111.139,1.58144,4.00471,1.82974,0.58455,0.59412,0.57439,0.26059,1.94274,5.19705,2.21503,0.00090595,0.00090595,0.00090595
21,116.249,1.57432,4.00722,1.82149,0.61731,0.54391,0.60429,0.28588,1.82737,5.21243,2.15832,0.000901,0.000901,0.000901
22,121.609,1.55017,3.91022,1.80473,0.42562,0.54669,0.48285,0.20973,2.09709,6.19631,2.30697,0.00089605,0.00089605,0.00089605
23,126.751,1.5565,3.84205,1.80088,0.52803,0.53035,0.57491,0.2422,2.03135,5.95306,2.28499,0.0008911,0.0008911,0.0008911
24,131.817,1.54705,3.85074,1.79471,0.62533,0.47632,0.51313,0.24125,2.04743,6.30222,2.31382,0.00088615,0.00088615,0.00088615
25,136.881,1.54603,3.86462,1.78051,0.76845,0.55826,0.68387,0.33942,1.76605,4.59477,2.09641,0.0008812,0.0008812,0.0008812
26,142.19,1.51367,3.69227,1.75435,0.55356,0.58043,0.59579,0.2818,1.99585,5.10759,2.27552,0.00087625,0.00087625,0.00087625
27,147.303,1.50169,3.67332,1.75261,0.71635,0.54841,0.6217,0.28344,1.98897,5.42833,2.25802,0.0008713,0.0008713,0.0008713
28,152.35,1.52052,3.7121,1.76358,0.57474,0.64564,0.66129,0.31908,1.77594,5.02188,2.07182,0.00086635,0.00086635,0.00086635
29,157.439,1.51024,3.62807,1.76002,0.61663,0.65341,0.66944,0.32365,1.82328,4.60049,2.12924,0.0008614,0.0008614,0.0008614
30,162.717,1.4839,3.58961,1.73603,0.61837,0.66265,0.69324,0.3145,1.82964,4.64507,2.13203,0.00085645,0.00085645,0.00085645
31,167.749,1.46901,3.4901,1.7267,0.6042,0.6336,0.65336,0.31064,1.81696,4.8695,2.13858,0.0008515,0.0008515,0.0008515
32,172.797,1.46577,3.51419,1.72902,0.5274,0.66872,0.6292,0.29093,1.78541,4.81638,2.06763,0.00084655,0.00084655,0.00084655
33,177.863,1.43663,3.39471,1.71017,0.66511,0.61209,0.6836,0.34431,1.76772,4.57301,2.08702,0.0008416,0.0008416,0.0008416
34,183.148,1.4566,3.41237,1.71004,0.50833,0.5228,0.51896,0.25306,2.13439,5.78838,2.37167,0.00083665,0.00083665,0.00083665
35,188.22,1.44137,3.39915,1.71868,0.64256,0.57728,0.67895,0.34177,1.85947,4.57677,2.15546,0.0008317,0.0008317,0.0008317
36,193.259,1.41878,3.32125,1.68549,0.55456,0.58531,0.57445,0.26612,1.97298,4.70265,2.25918,0.00082675,0.00082675,0.00082675
37,198.343,1.42707,3.31097,1.69149,0.55339,0.60025,0.62024,0.29483,1.8701,4.87421,2.18502,0.0008218,0.0008218,0.0008218
38,203.396,1.42563,3.32517,1.68248,0.67579,0.59958,0.67572,0.32515,1.81367,4.37498,2.10498,0.00081685,0.00081685,0.00081685
39,208.678,1.39713,3.24987,1.6678,0.53316,0.4682,0.47246,0.21194,2.22958,5.76176,2.45174,0.0008119,0.0008119,0.0008119
40,213.724,1.37161,3.21563,1.65498,0.66005,0.64563,0.68264,0.33228,1.84797,4.38731,2.12456,0.00080695,0.00080695,0.00080695
41,218.793,1.40725,3.20239,1.65382,0.56493,0.5762,0.59475,0.28726,1.88292,4.96088,2.19412,0.000802,0.000802,0.000802
42,223.82,1.39008,3.23278,1.6487,0.63682,0.50589,0.58096,0.26064,2.00665,5.47217,2.27913,0.00079705,0.00079705,0.00079705
43,228.889,1.40128,3.161,1.66387,0.48747,0.56753,0.51722,0.22846,2.09441,5.14923,2.31727,0.0007921,0.0007921,0.0007921
44,233.929,1.36324,3.12529,1.63251,0.49245,0.49201,0.487,0.23098,2.13772,5.75633,2.40221,0.00078715,0.00078715,0.00078715
45,238.973,1.35718,3.02749,1.63779,0.62256,0.66619,0.68917,0.34254,1.85235,4.45034,2.18836,0.0007822,0.0007822,0.0007822
46,243.942,1.36784,3.05134,1.6449,0.61689,0.65978,0.66279,0.31844,1.89927,4.52313,2.21227,0.00077725,0.00077725,0.00077725
47,248.997,1.3572,3.03213,1.61661,0.65091,0.66393,0.69467,0.33971,1.82718,4.3535,2.15607,0.0007723,0.0007723,0.0007723
48,254.193,1.37063,3.05388,1.62681,0.61679,0.64176,0.65115,0.30649,1.89085,4.59141,2.18519,0.00076735,0.00076735,0.00076735
49,259.249,1.33934,2.97327,1.60756,0.60466,0.67751,0.68557,0.33823,1.81885,4.41504,2.13741,0.0007624,0.0007624,0.0007624
50,264.28,1.32326,2.92771,1.60398,0.66459,0.64643,0.68211,0.32556,1.86469,4.43082,2.2083,0.00075745,0.00075745,0.00075745
51,269.361,1.35416,3.01192,1.62775,0.55308,0.60167,0.61401,0.29074,2.02501,4.70653,2.27085,0.0007525,0.0007525,0.0007525
52,274.392,1.30923,2.88236,1.58865,0.51595,0.56762,0.55734,0.26442,2.08848,5.27716,2.30457,0.00074755,0.00074755,0.00074755
53,279.468,1.30664,2.87959,1.58749,0.6065,0.63748,0.65472,0.32064,1.85475,4.35921,2.20074,0.0007426,0.0007426,0.0007426
54,284.505,1.29145,2.81368,1.58581,0.675,0.56666,0.6281,0.29145,1.95558,4.87468,2.24541,0.00073765,0.00073765,0.00073765
55,289.57,1.31899,2.87521,1.59481,0.53452,0.56026,0.57667,0.27476,2.06146,4.93012,2.31256,0.0007327,0.0007327,0.0007327
56,294.61,1.28626,2.82478,1.58336,0.55822,0.62911,0.61963,0.302,1.99489,4.6394,2.28367,0.00072775,0.00072775,0.00072775
57,299.686,1.30971,2.78075,1.57705,0.61885,0.6007,0.6277,0.3065,1.98731,4.65694,2.26737,0.0007228,0.0007228,0.0007228
58,304.728,1.27025,2.72587,1.56548,0.59994,0.64725,0.63145,0.29615,1.9029,4.49756,2.19444,0.00071785,0.00071785,0.00071785
59,309.759,1.30729,2.76316,1.59091,0.56939,0.62068,0.63002,0.31243,1.90016,4.53154,2.21347,0.0007129,0.0007129,0.0007129
60,314.793,1.28451,2.75147,1.57536,0.63209,0.66467,0.68482,0.34619,1.82474,4.3416,2.18462,0.00070795,0.00070795,0.00070795
61,320.136,1.26299,2.66272,1.54843,0.62811,0.62292,0.63765,0.3048,1.88578,4.41586,2.21122,0.000703,0.000703,0.000703
62,325.197,1.28111,2.73654,1.56211,0.50703,0.50066,0.47624,0.20971,2.17914,5.85747,2.43058,0.00069805,0.00069805,0.00069805
63,330.256,1.27811,2.68152,1.556,0.5832,0.62652,0.63661,0.29728,1.9109,4.46664,2.22121,0.0006931,0.0006931,0.0006931
64,335.298,1.25701,2.61717,1.54564,0.62476,0.62163,0.6626,0.33039,1.834,4.31921,2.20295,0.00068815,0.00068815,0.00068815
65,340.386,1.26617,2.62733,1.55169,0.54535,0.58804,0.58285,0.26881,2.02361,5.31184,2.3349,0.0006832,0.0006832,0.0006832
66,345.437,1.24619,2.59956,1.54151,0.64518,0.64103,0.69615,0.3333,1.88507,4.23505,2.20267,0.00067825,0.00067825,0.00067825
67,350.517,1.25035,2.63599,1.54231,0.5985,0.67012,0.64191,0.29507,1.89877,4.51155,2.23006,0.0006733,0.0006733,0.0006733
68,355.561,1.25476,2.6097,1.54625,0.62112,0.67093,0.67374,0.33787,1.88494,4.44436,2.21037,0.00066835,0.00066835,0.00066835
69,360.64,1.24724,2.58677,1.53574,0.61687,0.66387,0.66935,0.31965,1.89602,4.36908,2.25236,0.0006634,0.0006634,0.0006634
70,365.97,1.23805,2.56701,1.53482,0.61597,0.55379,0.59571,0.2889,1.93729,4.66395,2.24382,0.00065845,0.00065845,0.00065845
71,371.026,1.20174,2.42754,1.50383,0.5799,0.59581,0.60169,0.30524,1.97604,4.58558,2.33201,0.0006535,0.0006535,0.0006535
72,376.045,1.22748,2.53735,1.52763,0.61281,0.61461,0.63127,0.31921,1.92571,4.51646,2.24823,0.00064855,0.00064855,0.00064855
73,381.114,1.23895,2.51299,1.52756,0.64846,0.62574,0.67784,0.33411,1.83752,4.14504,2.1693,0.0006436,0.0006436,0.0006436
74,386.14,1.21902,2.4934,1.5098,0.63621,0.65733,0.67759,0.3392,1.91454,4.25652,2.26818,0.00063865,0.00063865,0.00063865
75,391.21,1.20779,2.41627,1.50882,0.62779,0.6491,0.68943,0.34209,1.84968,4.1377,2.16293,0.0006337,0.0006337,0.0006337
76,396.224,1.19513,2.40082,1.49484,0.63973,0.64228,0.66689,0.32128,1.9797,4.47592,2.32072,0.00062875,0.00062875,0.00062875
77,401.292,1.19997,2.43773,1.50852,0.60392,0.6285,0.63245,0.29483,2.04593,4.96844,2.33447,0.0006238,0.0006238,0.0006238
78,406.313,1.21407,2.46098,1.50905,0.59858,0.65527,0.64632,0.30942,1.96638,4.58543,2.32085,0.00061885,0.00061885,0.00061885
79,411.366,1.1883,2.39354,1.49367,0.59954,0.60568,0.59945,0.28913,1.99767,4.87511,2.30201,0.0006139,0.0006139,0.0006139
80,416.386,1.1859,2.38055,1.4959,0.61861,0.61803,0.64321,0.3253,1.94703,4.40426,2.27989,0.00060895,0.00060895,0.00060895
81,421.461,1.17433,2.30857,1.47079,0.55374,0.65836,0.60809,0.29136,2.04953,4.6421,2.35791,0.000604,0.000604,0.000604
82,426.481,1.16868,2.31677,1.47957,0.71365,0.64016,0.69765,0.35157,1.87973,4.19616,2.24938,0.00059905,0.00059905,0.00059905
83,431.798,1.15501,2.26943,1.48126,0.69076,0.61678,0.66862,0.31981,1.95065,4.51647,2.26637,0.0005941,0.0005941,0.0005941
84,436.83,1.17616,2.34938,1.49291,0.6953,0.65313,0.7025,0.33139,1.90602,4.19447,2.25904,0.00058915,0.00058915,0.00058915
85,441.886,1.17957,2.29297,1.49934,0.64914,0.66505,0.66828,0.321,1.94009,4.32621,2.29915,0.0005842,0.0005842,0.0005842
86,446.907,1.17215,2.2879,1.4825,0.57655,0.60458,0.60043,0.26423,2.11047,4.73292,2.41648,0.00057925,0.00057925,0.00057925
87,451.99,1.14389,2.18644,1.45706,0.64339,0.62949,0.63554,0.30937,2.00498,4.60679,2.36,0.0005743,0.0005743,0.0005743
88,457.022,1.14473,2.22812,1.46818,0.67562,0.66994,0.70421,0.34515,1.90055,4.15661,2.25389,0.00056935,0.00056935,0.00056935
89,462.089,1.13379,2.25903,1.44942,0.6498,0.63715,0.67641,0.34474,1.99789,4.54349,2.34092,0.0005644,0.0005644,0.0005644
90,467.121,1.12584,2.2065,1.4473,0.62761,0.65707,0.6668,0.3367,1.97294,4.5172,2.3512,0.00055945,0.00055945,0.00055945
91,472.185,1.12354,2.13872,1.44014,0.61723,0.63459,0.63934,0.30414,2.02005,4.47654,2.30802,0.0005545,0.0005545,0.0005545
92,477.528,1.11909,2.17154,1.43646,0.70685,0.61788,0.68259,0.31961,1.95909,4.23189,2.31339,0.00054955,0.00054955,0.00054955
93,482.571,1.1149,2.1355,1.43831,0.68052,0.67065,0.69127,0.33949,1.96844,4.32748,2.35141,0.0005446,0.0005446,0.0005446
94,487.596,1.10903,2.10894,1.43921,0.71744,0.67039,0.71897,0.36326,1.89495,4.10475,2.27509,0.00053965,0.00053965,0.00053965
95,492.924,1.10395,2.11165,1.42804,0.67914,0.62577,0.66103,0.3293,1.93622,4.37434,2.23516,0.0005347,0.0005347,0.0005347
96,497.916,1.10568,2.10283,1.42778,0.73364,0.63582,0.71519,0.36362,1.91902,4.22322,2.26141,0.00052975,0.00052975,0.00052975
97,503.235,1.11084,2.10389,1.42422,0.62508,0.59275,0.63553,0.31827,2.04867,4.67126,2.37725,0.0005248,0.0005248,0.0005248
98,508.273,1.10971,2.11709,1.43604,0.71973,0.63691,0.69451,0.34928,1.91712,4.26531,2.27013,0.00051985,0.00051985,0.00051985
99,513.335,1.15539,2.17249,1.46553,0.66889,0.65417,0.67942,0.32717,1.98158,4.28711,2.35729,0.0005149,0.0005149,0.0005149
100,518.419,1.12442,2.11894,1.43898,0.64592,0.64504,0.66988,0.33244,1.95991,4.47325,2.34504,0.00050995,0.00050995,0.00050995
101,523.508,1.09333,2.10257,1.41971,0.67222,0.64944,0.68107,0.33305,1.87967,4.32028,2.19725,0.000505,0.000505,0.000505
102,528.541,1.09886,2.09166,1.42428,0.67786,0.61004,0.66956,0.328,1.92753,4.23902,2.27414,0.00050005,0.00050005,0.00050005
103,533.602,1.10493,2.13491,1.43921,0.6575,0.61339,0.63785,0.31142,2.10083,4.66647,2.49701,0.0004951,0.0004951,0.0004951
104,538.643,1.08567,2.07981,1.4161,0.66884,0.63351,0.67934,0.32909,2.03903,4.85387,2.36427,0.00049015,0.00049015,0.00049015
105,543.711,1.0953,2.08715,1.41791,0.69949,0.61537,0.68359,0.33981,1.96667,4.29877,2.34584,0.0004852,0.0004852,0.0004852
106,548.759,1.05032,1.9793,1.39219,0.70891,0.62493,0.68649,0.34913,1.95614,4.39519,2.32336,0.00048025,0.00048025,0.00048025
107,553.818,1.06568,2.02862,1.3969,0.59216,0.60902,0.61929,0.29193,2.09415,5.00773,2.45326,0.0004753,0.0004753,0.0004753
108,558.829,1.09173,2.09442,1.42136,0.64005,0.59482,0.62527,0.30367,2.09244,4.59306,2.47809,0.00047035,0.00047035,0.00047035
109,563.865,1.07457,2.03127,1.40436,0.6678,0.65538,0.68312,0.34632,1.97651,4.17279,2.37095,0.0004654,0.0004654,0.0004654
110,568.862,1.04964,1.97812,1.38214,0.68404,0.63146,0.68555,0.3462,1.98157,4.38123,2.35918,0.00046045,0.00046045,0.00046045
111,573.872,1.05035,1.94816,1.3853,0.72071,0.6409,0.69655,0.35105,1.9226,4.26191,2.29737,0.0004555,0.0004555,0.0004555
112,578.893,1.03249,1.93711,1.38156,0.67167,0.63594,0.66447,0.32286,2.00962,4.39132,2.41833,0.00045055,0.00045055,0.00045055
113,583.926,1.04965,1.95817,1.38564,0.66904,0.65889,0.67388,0.32102,1.96758,4.12631,2.34542,0.0004456,0.0004456,0.0004456
114,589.213,1.02873,1.93151,1.37304,0.67269,0.60797,0.6574,0.31835,2.0295,4.29651,2.42412,0.00044065,0.00044065,0.00044065
115,594.253,1.03915,1.95996,1.38076,0.67529,0.66564,0.69779,0.35492,1.96844,4.30024,2.38163,0.0004357,0.0004357,0.0004357
116,599.238,1.04575,1.9519,1.38451,0.63517,0.63347,0.64926,0.32596,1.97982,4.4107,2.35187,0.00043075,0.00043075,0.00043075
117,604.25,1.02494,1.92486,1.3728,0.65794,0.63453,0.6797,0.33248,1.96273,4.23293,2.35082,0.0004258,0.0004258,0.0004258
118,609.255,1.03283,1.9547,1.37763,0.64673,0.69357,0.681,0.33182,1.97471,4.22021,2.34962,0.00042085,0.00042085,0.00042085
119,614.287,1.0308,1.90858,1.35791,0.66785,0.63723,0.66702,0.31435,2.08623,4.47634,2.48105,0.0004159,0.0004159,0.0004159
120,619.296,1.01875,1.86544,1.36247,0.64284,0.64611,0.6595,0.33181,2.04896,4.20352,2.43885,0.00041095,0.00041095,0.00041095
121,624.287,1.01207,1.86748,1.36313,0.68218,0.66828,0.67983,0.34734,1.95493,4.03565,2.35594,0.000406,0.000406,0.000406
122,629.326,1.02042,1.9035,1.37056,0.64158,0.66545,0.68479,0.34564,1.98166,4.24234,2.37275,0.00040105,0.00040105,0.00040105
123,634.334,1.00153,1.83467,1.35105,0.71987,0.66361,0.70561,0.34978,1.98346,4.13356,2.39468,0.0003961,0.0003961,0.0003961
124,639.348,0.9888,1.82718,1.34134,0.69665,0.6512,0.70261,0.35889,1.97426,4.4153,2.39924,0.00039115,0.00039115,0.00039115
125,644.462,1.02915,1.90626,1.35827,0.6366,0.66199,0.68202,0.34237,2.07413,4.24507,2.48232,0.0003862,0.0003862,0.0003862
126,649.517,1.00162,1.87131,1.3587,0.70914,0.64627,0.68471,0.34476,2.0402,4.26493,2.43862,0.00038125,0.00038125,0.00038125
127,654.577,1.00186,1.84463,1.35644,0.68945,0.63696,0.67019,0.33699,2.04345,4.61455,2.42129,0.0003763,0.0003763,0.0003763
128,659.637,0.99587,1.81254,1.34761,0.68272,0.62947,0.67395,0.32448,2.02608,4.39764,2.4391,0.00037135,0.00037135,0.00037135
129,664.704,0.97937,1.78957,1.33671,0.69308,0.66593,0.69785,0.34916,1.98367,4.28343,2.37653,0.0003664,0.0003664,0.0003664
130,669.77,0.95293,1.74562,1.3194,0.68495,0.63485,0.66895,0.34441,2.02341,4.55445,2.38721,0.00036145,0.00036145,0.00036145
131,674.839,0.98359,1.80166,1.33609,0.64084,0.64886,0.65943,0.33806,2.03589,4.36121,2.45796,0.0003565,0.0003565,0.0003565
132,679.884,0.95737,1.74931,1.318,0.7418,0.65576,0.69736,0.35431,1.94733,4.16635,2.35413,0.00035155,0.00035155,0.00035155
133,684.957,0.98074,1.76336,1.32332,0.60475,0.58477,0.59401,0.27771,2.1184,4.62676,2.52069,0.0003466,0.0003466,0.0003466
134,690.006,0.99087,1.79179,1.33254,0.70146,0.62598,0.6835,0.33735,2.01283,4.4268,2.44431,0.00034165,0.00034165,0.00034165
135,695.06,0.96681,1.78753,1.32906,0.60144,0.64249,0.64339,0.31891,2.0071,4.75419,2.43508,0.0003367,0.0003367,0.0003367
136,700.404,0.94571,1.72818,1.31027,0.6327,0.67177,0.67347,0.33038,2.01467,4.50861,2.418,0.00033175,0.00033175,0.00033175
137,705.485,0.97118,1.75207,1.338,0.71351,0.66572,0.70892,0.35604,1.93683,4.1126,2.36059,0.0003268,0.0003268,0.0003268
138,710.522,0.97821,1.75167,1.33144,0.66593,0.65282,0.68343,0.34959,1.96431,4.72949,2.35178,0.00032185,0.00032185,0.00032185
139,715.59,0.96951,1.72959,1.3236,0.69829,0.65258,0.69522,0.35914,1.97637,4.5038,2.36477,0.0003169,0.0003169,0.0003169
140,720.627,0.94138,1.71647,1.29887,0.70184,0.60559,0.67668,0.33519,2.03065,4.69361,2.4236,0.00031195,0.00031195,0.00031195
141,725.706,0.93832,1.6949,1.30693,0.65542,0.63164,0.64855,0.30178,2.08842,4.39531,2.54398,0.000307,0.000307,0.000307
142,730.76,0.94686,1.7313,1.30991,0.659,0.59938,0.63695,0.32529,2.09464,4.91733,2.5309,0.00030205,0.00030205,0.00030205
143,735.837,0.94194,1.72748,1.30366,0.67762,0.6611,0.68047,0.34334,1.96448,4.36429,2.40005,0.0002971,0.0002971,0.0002971
144,740.897,0.9246,1.68749,1.289,0.67653,0.64491,0.68569,0.34142,1.97381,4.63033,2.399,0.00029215,0.00029215,0.00029215
145,745.962,0.93192,1.69793,1.28963,0.72697,0.60759,0.6874,0.35278,1.97216,4.7609,2.39738,0.0002872,0.0002872,0.0002872
146,750.975,0.9311,1.67745,1.2906,0.68288,0.67006,0.70167,0.35517,1.97329,4.33505,2.42036,0.00028225,0.00028225,0.00028225
147,756.03,0.91467,1.63563,1.27788,0.67723,0.65487,0.68629,0.3481,2.05396,4.57245,2.47887,0.0002773,0.0002773,0.0002773
148,761.078,0.92903,1.67831,1.28852,0.7241,0.62054,0.68842,0.34295,2.04756,4.61446,2.50918,0.00027235,0.00027235,0.00027235
149,766.15,0.91737,1.65414,1.28172,0.68045,0.65725,0.69787,0.34948,2.00259,4.75703,2.39134,0.0002674,0.0002674,0.0002674
150,771.18,0.90321,1.64743,1.2723,0.68623,0.65619,0.68287,0.33072,2.09502,4.51723,2.53106,0.00026245,0.00026245,0.00026245
151,776.243,0.90507,1.65707,1.27493,0.75279,0.63736,0.7154,0.35994,1.97081,4.13743,2.38196,0.0002575,0.0002575,0.0002575
152,781.292,0.90552,1.63348,1.28058,0.70191,0.6445,0.69361,0.3441,1.99284,4.61274,2.40228,0.00025255,0.00025255,0.00025255
153,786.35,0.91685,1.66246,1.28767,0.69449,0.65994,0.69356,0.33558,2.01324,4.242,2.45142,0.0002476,0.0002476,0.0002476
154,791.38,0.89671,1.60168,1.27472,0.70678,0.61547,0.6765,0.33385,2.03116,4.59936,2.4553,0.00024265,0.00024265,0.00024265
155,796.444,0.89141,1.60938,1.26981,0.679,0.6177,0.67877,0.34017,2.06872,5.002,2.48705,0.0002377,0.0002377,0.0002377
156,801.465,0.89908,1.59942,1.26304,0.63914,0.65464,0.66923,0.3356,2.06748,4.49977,2.49875,0.00023275,0.00023275,0.00023275
157,806.535,0.89178,1.60805,1.25827,0.68137,0.68124,0.69457,0.33894,2.02877,4.32822,2.47959,0.0002278,0.0002278,0.0002278
158,811.849,0.88111,1.58973,1.26529,0.67141,0.67847,0.70311,0.35261,2.00695,4.61493,2.47776,0.00022285,0.00022285,0.00022285
159,816.83,0.87728,1.57585,1.26296,0.73334,0.64603,0.71343,0.36125,1.98789,4.32238,2.48488,0.0002179,0.0002179,0.0002179
160,821.824,0.88212,1.59283,1.25951,0.71602,0.65672,0.7045,0.35183,2.01488,4.74654,2.48476,0.00021295,0.00021295,0.00021295
161,826.872,0.88178,1.59165,1.25408,0.72386,0.6607,0.71198,0.3602,1.96959,4.47063,2.44142,0.000208,0.000208,0.000208
162,831.902,0.86624,1.55755,1.2504,0.68196,0.66072,0.68755,0.35212,2.02802,4.65001,2.49509,0.00020305,0.00020305,0.00020305
163,836.955,0.87229,1.54756,1.24725,0.71148,0.67044,0.70426,0.35827,1.97898,4.27813,2.47128,0.0001981,0.0001981,0.0001981
164,841.981,0.85999,1.5387,1.24951,0.70202,0.66088,0.698,0.35673,2.02686,4.69275,2.48,0.00019315,0.00019315,0.00019315
165,847.026,0.8608,1.54686,1.24478,0.68266,0.64677,0.68495,0.35234,2.02559,4.80647,2.50065,0.0001882,0.0001882,0.0001882
166,852.06,0.85928,1.53983,1.24622,0.67984,0.62198,0.67327,0.34858,2.06079,5.05887,2.52721,0.00018325,0.00018325,0.00018325
167,857.109,0.86046,1.52166,1.24114,0.68772,0.66738,0.6962,0.35308,2.0062,4.47783,2.47901,0.0001783,0.0001783,0.0001783
168,862.117,0.85387,1.50541,1.24414,0.73718,0.65262,0.71173,0.36332,1.98512,4.47659,2.4488,0.00017335,0.00017335,0.00017335
169,867.134,0.84469,1.51287,1.23518,0.71749,0.66763,0.70774,0.35384,1.98368,4.42103,2.45573,0.0001684,0.0001684,0.0001684
170,872.187,0.85766,1.53176,1.2398,0.72253,0.64334,0.69361,0.33742,2.07472,4.86477,2.53857,0.00016345,0.00016345,0.00016345
171,877.236,0.82496,1.47319,1.22101,0.70673,0.65534,0.69872,0.34621,2.05188,4.64476,2.53526,0.0001585,0.0001585,0.0001585
172,882.252,0.85198,1.51285,1.23339,0.74017,0.67109,0.71821,0.35958,2.00282,4.58016,2.48554,0.00015355,0.00015355,0.00015355
173,887.335,0.84121,1.50173,1.23586,0.68723,0.66947,0.69831,0.35397,2.01433,4.79764,2.48636,0.0001486,0.0001486,0.0001486
174,892.365,0.83662,1.49737,1.23438,0.69094,0.64492,0.6816,0.3497,2.03153,4.5959,2.50442,0.00014365,0.00014365,0.00014365
175,897.434,0.82778,1.48415,1.2265,0.72924,0.6459,0.69346,0.35633,2.01772,4.61252,2.51654,0.0001387,0.0001387,0.0001387
176,902.469,0.83516,1.48389,1.23353,0.68982,0.66668,0.70066,0.35801,2.01091,4.75653,2.49409,0.00013375,0.00013375,0.00013375
177,907.537,0.81943,1.44903,1.21533,0.6847,0.68813,0.71191,0.36679,1.95264,4.44758,2.43124,0.0001288,0.0001288,0.0001288
178,912.843,0.8343,1.48467,1.23037,0.67397,0.67737,0.697,0.36427,1.97346,4.57651,2.43259,0.00012385,0.00012385,0.00012385
179,917.874,0.83048,1.46719,1.22906,0.71207,0.66727,0.70446,0.36637,2.00089,4.64467,2.48427,0.0001189,0.0001189,0.0001189
180,923.168,0.82055,1.46888,1.22236,0.67045,0.67121,0.68893,0.34591,2.05244,4.7484,2.54376,0.00011395,0.00011395,0.00011395
181,930.207,0.70875,1.16661,1.13581,0.73679,0.64584,0.7022,0.36168,1.99397,4.81481,2.47322,0.000109,0.000109,0.000109
182,935.227,0.70429,1.15096,1.1337,0.70526,0.67769,0.70216,0.36326,1.98092,4.60793,2.46303,0.00010405,0.00010405,0.00010405
183,940.22,0.69818,1.12828,1.13053,0.73734,0.63102,0.6837,0.35118,2.01434,4.84882,2.51478,9.91e-05,9.91e-05,9.91e-05
184,945.226,0.68478,1.12391,1.11806,0.70148,0.66631,0.69719,0.35864,2.01054,4.89605,2.51771,9.415e-05,9.415e-05,9.415e-05
185,950.23,0.69035,1.10714,1.12261,0.68033,0.66637,0.69185,0.35871,2.00632,4.76724,2.52922,8.92e-05,8.92e-05,8.92e-05
186,955.254,0.67957,1.09756,1.11794,0.70301,0.66267,0.69553,0.36031,1.99142,4.84148,2.51334,8.425e-05,8.425e-05,8.425e-05
187,960.275,0.67983,1.09305,1.11302,0.74243,0.64609,0.69854,0.3604,1.98531,4.77282,2.49907,7.93e-05,7.93e-05,7.93e-05
188,965.3,0.6787,1.1073,1.11936,0.71991,0.65387,0.6915,0.35629,1.98039,4.75525,2.51678,7.435e-05,7.435e-05,7.435e-05
189,970.327,0.66665,1.07857,1.11215,0.71521,0.65468,0.69557,0.36234,1.97546,4.80074,2.53253,6.94e-05,6.94e-05,6.94e-05
190,975.371,0.66365,1.08528,1.11285,0.71597,0.63948,0.68628,0.35659,2.0088,4.79739,2.55091,6.445e-05,6.445e-05,6.445e-05
191,980.382,0.65321,1.06572,1.10381,0.70152,0.67237,0.69648,0.35775,2.00002,4.75026,2.5437,5.95e-05,5.95e-05,5.95e-05
192,985.386,0.65422,1.05596,1.10343,0.70467,0.66799,0.7014,0.36034,1.98703,4.74788,2.53319,5.455e-05,5.455e-05,5.455e-05
193,990.367,0.6471,1.05774,1.09673,0.72888,0.66258,0.71011,0.3614,1.98612,4.66017,2.53607,4.96e-05,4.96e-05,4.96e-05
194,995.362,0.65628,1.06073,1.10516,0.7217,0.67256,0.70601,0.36296,1.98186,4.6373,2.53467,4.465e-05,4.465e-05,4.465e-05
195,1000.36,0.64268,1.05357,1.09302,0.72462,0.66127,0.7054,0.36081,1.98795,4.79067,2.5434,3.97e-05,3.97e-05,3.97e-05
196,1005.38,0.64855,1.05755,1.1029,0.76604,0.63397,0.70343,0.35785,1.99399,4.82695,2.55759,3.475e-05,3.475e-05,3.475e-05
197,1010.42,0.6416,1.04791,1.09598,0.73955,0.64664,0.70589,0.35936,1.99025,4.74552,2.55494,2.98e-05,2.98e-05,2.98e-05
198,1015.39,0.63972,1.03788,1.09137,0.7292,0.65128,0.70047,0.35989,1.99101,4.77648,2.56139,2.485e-05,2.485e-05,2.485e-05
199,1020.41,0.64003,1.03423,1.09674,0.75646,0.63651,0.70517,0.36188,1.98769,4.82571,2.54582,1.99e-05,1.99e-05,1.99e-05
200,1025.43,0.63218,1.02711,1.09041,0.75425,0.63372,0.70282,0.36094,2.00108,4.85064,2.56277,1.495e-05,1.495e-05,1.495e-05
